ID NerdMonster,ID Parceiro,Nome,Nome,Endereço,Número,Complemento,Bairro,CEP,Cidade,Estado,Latitude,Longitude,Descrição,Telefone,Website,Horários - Domingo,Horários - Segunda-Feira,Horários - Terça-Feira,Horários - Quarta-Feira,Horários - Quinta-Feira,Horários - Sexta-Feira,Horários - Sábado,Categoria,Última atualização
10775,Carrefour Tucuruvi,Carrefour Hipermercado Tucuruvi,Carrefour Tucuruvi - Carrefour Hipermercado Tucuruvi,"Avenida Tucuruvi, 248",,,Tucuruvi,02304-000,São Paulo,SP,"-23,47872","-46,60877","A comodidade de resolver tudo em um só lugar, de fácil acesso e com os melhores preços. O Carrefour Hiper é um complexo multisserviços, onde você encontra mercado, açougue, padaria, confeitaria, peixaria, corredor de saudáveis e produtos de higiene, além dos setores de eletro, têxtil, telefonia, pet, autos, casa e decoração, reunidos sob um único espaço que conta ainda com drogaria, alameda de serviços e praça de alimentação. Para quem opta por ir de carro, um amplo estacionamento com posto de combustíveis integrado completa a estrutura.",(11) 2997-1100,http://www.carrefour.com.br,08:00-22:00,08:00-23:00,08:00-23:00,08:00-23:00,08:00-23:00,08:00-23:00,08:00-23:00,Hipermercado,16/04/2021 16:40
17257,115,Carrefour Hipermercado Aricanduva,SPR - Hiper - Aricanduva,Avenida Rio das Pedras,555,,Jardim Aricanduva,03453-000,São Paulo,SP,"-23,5671139","-46,5109739",Devido à pandemia de Coronavírus (COVID-19) essa unidade está atuando com um horário de atendimento exclusivo para idosos (a partir de 60 anos): das 06:30h às 07:30h ,(11) 2100-4403,https://www.carrefour.com.br/localizador-de-lojas,08:00-22:00,08:00-22:00,08:00-22:00,08:00-22:00,08:00-22:00,08:00-22:00,08:00-22:00,Hipermercado,17/04/2021 14:06
17258,132,Carrefour Hipermercado Butantã,SPB - Hiper - Butantã,Avenida Professor Francisco Morato,2718,,Butantã,05512-300,São Paulo,SP,"-23,5846118","-46,7251668",Devido à pandemia de Coronavírus (COVID-19) essa unidade está atuando com um horário de atendimento exclusivo para idosos (a partir de 60 anos): das 07h às 08h ,(11) 3723-4518,https://www.carrefour.com.br/localizador-de-lojas,08:00-20:00,08:00-20:00,08:00-20:00,08:00-20:00,08:00-20:00,08:00-20:00,08:00-20:00,Hipermercado,17/04/2021 14:06
17261,122,Carrefour Hipermercado Imigrantes,SPS - Hiper - Imigrantes,Rua Ribeiro Lacerda,940,,Imigrante,04150-000,São Paulo,SP,"-23,6174993","-46,625978",Devido à pandemia de Coronavírus (COVID-19) essa unidade está atuando com um horário de atendimento exclusivo para idosos (a partir de 60 anos): das 06:30h às 07:30h ,(11) 5067-6735,https://www.carrefour.com.br/localizador-de-lojas,08:00-21:00,07:00-22:00,07:00-22:00,07:00-22:00,07:00-22:00,07:00-22:00,07:00-22:00,Hipermercado,17/04/2021 14:03
17262,126,Carrefour Hipermercado Tamboré,Hiper - Tamboré - Piracema,Avenida Piracema,669,669,Tamboré,06460-930,São Paulo,SP,"-23,5048896","-46,8326971",,(11) 4689-3499,https://www.carrefour.com.br/localizador-de-lojas,08:00-21:00,08:00-21:00,08:00-21:00,08:00-21:00,08:00-21:00,08:00-21:00,08:00-21:00,Hipermercado,16/04/2021 15:54
17265,117,Carrefour Hipermercado Ribeirão Shopping,RPS - Hiper - Ribeirão Shopping,Avenida Coronel Fernando Ferreira Leite ,1540,,Jardim California,14026-020,Ribeirão Preto,SP,"-21,2119833","-47,815878","A comodidade de resolver tudo em um só lugar, de fácil acesso e com os melhores preços. O Carrefour Hiper é um complexo multisserviços, onde você encontra mercado, açougue, padaria, confeitaria, peixaria, corredor de saudáveis e produtos de higiene, além dos setores de eletro, têxtil, telefonia, pet, autos, casa e decoração, reunidos sob um único espaço que conta ainda com drogaria, alameda de serviços e praça de alimentação. Para quem opta por ir de carro, um amplo estacionamento com posto de combustíveis integrado completa a estrutura.",(19) 3913-9959,https://www.carrefour.com.br/localizador-de-lojas,06:00-21:00,06:00-21:00,06:00-21:00,06:00-21:00,06:00-21:00,06:00-21:00,06:00-21:00,Hipermercado,23/06/2021 08:37
17267,396,Carrefour Hipermercado Casa Verde,BCV - Hiper - Casa Verde,Rua Marambaia,200,,Casa Verde,02513-000,São Paulo,SP,"-23,5134299","-46,6549922",Devido à pandemia de Coronavírus (COVID-19) essa unidade está atuando com um horário de atendimento exclusivo para idosos (a partir de 60 anos): das 07h às 08h ,(11) 3952-2500,https://www.carrefour.com.br/localizador-de-lojas,08:00-22:00,08:00-22:00,08:00-22:00,08:00-22:00,08:00-22:00,08:00-22:00,08:00-22:00,Hipermercado,09/09/2020 15:17
17268,391,Carrefour Hipermercado Tatuapé Celso Garcia,BTA - Hiper - Tatuapé Celso Garcia,Avenida Salim Farah Maluf,S/N,,Tatuapé,03076-000,São Paulo,SP,"-23,5362224","-46,5819258","A comodidade de resolver tudo em um só lugar, de fácil acesso e com os melhores preços. O Carrefour Hiper é um complexo multisserviços, onde você encontra mercado, açougue, padaria, confeitaria, peixaria, corredor de saudáveis e produtos de higiene, além dos setores de eletro, têxtil, telefonia, pet, autos, casa e decoração, reunidos sob um único espaço que conta ainda com drogaria, alameda de serviços e praça de alimentação. Para quem opta por ir de carro, um amplo estacionamento com posto de combustíveis integrado completa a estrutura.",(11) 2090-6190,https://www.carrefour.com.br/localizador-de-lojas,08:00-22:00,08:00-22:00,08:00-22:00,08:00-22:00,08:00-22:00,08:00-22:00,08:00-22:00,Hipermercado,16/04/2021 15:55
17271,105,Carrefour Hipermercado Campinas,CPS - Hiper - Campinas,"Rodovia Dom Pedro, km 127/128",S/N,,Jardim Nilópolis,13097-670,Campinas,SP,"-22,8458958","-47,0341889","A comodidade de resolver tudo em um só lugar, de fácil acesso e com os melhores preços. O Carrefour Hiper é um complexo multisserviços, onde você encontra mercado, açougue, padaria, confeitaria, peixaria, corredor de saudáveis e produtos de higiene, além dos setores de eletro, têxtil, telefonia, pet, autos, casa e decoração, reunidos sob um único espaço que conta ainda com drogaria, alameda de serviços e praça de alimentação. Para quem opta por ir de carro, um amplo estacionamento com posto de combustíveis integrado completa a estrutura.",(19) 3707-4700,https://www.carrefour.com.br/localizador-de-lojas,05:00-21:00,05:00-21:00,05:00-21:00,05:00-21:00,05:00-21:00,05:00-21:00,05:00-21:00,Hipermercado,15/05/2021 12:05
17282,127,Carrefour Hipermercado Valinhos,CPV - Hiper- Valinhos,Avenida Engenheiro Antônio Francisco de Paula Souza,3900,,Jardim Antonio Von Zuben,13044-370,Valinhos,SP,"-22,9519672","-47,0283545","A comodidade de resolver tudo em um só lugar, de fácil acesso e com os melhores preços. O Carrefour Hiper é um complexo multisserviços, onde você encontra mercado, açougue, padaria, confeitaria, peixaria, corredor de saudáveis e produtos de higiene, além dos setores de eletro, têxtil, telefonia, pet, autos, casa e decoração, reunidos sob um único espaço que conta ainda com drogaria, alameda de serviços e praça de alimentação. Para quem opta por ir de carro, um amplo estacionamento com posto de combustíveis integrado completa a estrutura.",(19) 3776-7000,https://www.carrefour.com.br/localizador-de-lojas,05:00-21:00,05:00-21:00,05:00-21:00,05:00-21:00,05:00-21:00,05:00-21:00,05:00-21:00,Hipermercado,15/05/2021 12:26
17283,389,Carrefour Hipermercado Pirituba,BPI - Hiper - Pirituba,Avenida Mutinga,S/N,,Pirituba,05154-000,São Paulo,SP,"-23,4860065","-46,7393288","Devido à pandemia de Coronavírus (COVID-19) essa unidade está atuando com um horário de atendimento exclusivo para idosos (a partir de 60 anos): segunda a sábado das 06:30h às 07:30h, domingos e feriados das 7:00 às 8:00h",(11) 3901-7726,https://www.carrefour.com.br/localizador-de-lojas,07:00-22:00,07:00-22:00,07:00-22:00,07:00-22:00,07:00-22:00,07:00-22:00,08:00-22:00,Hipermercado,17/04/2021 14:33
17284,330,Carrefour Hipermercado Taboão da Serra,STS - Hiper - Taboão da Serra,Rodovia Régis Bittencourt,1835,,Taboão da Serra,06768-200,São Paulo,SP,"-23,6132152","-46,7760957",Devido à pandemia de Coronavírus (COVID-19) essa unidade está atuando com um horário de atendimento exclusivo para idosos (a partir de 60 anos): das 07h às 08h ,(11) 4788-4755,https://www.carrefour.com.br/localizador-de-lojas,08:00-20:00,08:00-20:00,08:00-20:00,08:00-20:00,08:00-20:00,08:00-20:00,08:00-20:00,Hipermercado,16/04/2021 15:52
17285,133,Carrefour Hipermercado São Caetano do Sul,SCS - Hiper - São Caetano do Sul,Rua Aquidaban,s/nº,,Fundação,09520-180,São Caetano do Sul,SP,"-23,6109384","-46,5659602","A comodidade de resolver tudo em um só lugar, de fácil acesso e com os melhores preços. O Carrefour Hiper é um complexo multisserviços, onde você encontra mercado, açougue, padaria, confeitaria, peixaria, corredor de saudáveis e produtos de higiene, além dos setores de eletro, têxtil, telefonia, pet, autos, casa e decoração, reunidos sob um único espaço que conta ainda com drogaria, alameda de serviços e praça de alimentação. Para quem opta por ir de carro, um amplo estacionamento com posto de combustíveis integrado completa a estrutura.",(11) 4224-7517,https://www.carrefour.com.br/localizador-de-lojas,07:00-22:00,07:00-23:00,07:00-23:00,07:00-23:00,07:00-23:00,07:00-23:00,07:00-23:00,Hipermercado,19/05/2021 15:41
17288,139,Carrefour Hipermercado Jundiaí,JDI - Hiper - Jundiaí,Avenida Profª Maria do Carmo Guimarães Pellegrini,800,,Moisés,13210-816,Jundiaí,SP,"-23,184038","-46,908529","A comodidade de resolver tudo em um só lugar, de fácil acesso e com os melhores preços. O Carrefour Hiper é um complexo multisserviços, onde você encontra mercado, açougue, padaria, confeitaria, peixaria, corredor de saudáveis e produtos de higiene, além dos setores de eletro, têxtil, telefonia, pet, autos, casa e decoração, reunidos sob um único espaço que conta ainda com drogaria, alameda de serviços e praça de alimentação. Para quem opta por ir de carro, um amplo estacionamento com posto de combustíveis integrado completa a estrutura.",(11) 4583-5000,https://www.carrefour.com.br/localizador-de-lojas,08:00-22:00,08:00-22:00,08:00-22:00,08:00-22:00,08:00-22:00,08:00-22:00,08:00-22:00,Hipermercado,16/04/2021 15:15
17290,5,Carrefour Hipermercado São José do Rio Preto Shopping,CSS - Hiper - Faria Lima,Avenida Brigadeiro Faria Lima ,6363,,Jardim Fernandes,15090-000,São José do Rio Preto,SP,"-20,8353526","-49,3984822",,(17) 3227-1335,https://www.carrefour.com.br/localizador-de-lojas,06:00-21:00,06:00-21:00,06:00-21:00,06:00-21:00,06:00-21:00,06:00-21:00,06:00-21:00,Hipermercado,22/05/2021 20:51
17294,351,Carrefour Hipermercado Ribeirão Preto Via Norte,RPN - Hiper - Ribeirão Preto Via Norte,Rua Municipal,252,,Campos Elísios,14055-510,Ribeirão Preto,SP,"-21,1639784","-47,8154726","A comodidade de resolver tudo em um só lugar, de fácil acesso e com os melhores preços. O Carrefour Hiper é um complexo multisserviços, onde você encontra mercado, açougue, padaria, confeitaria, peixaria, corredor de saudáveis e produtos de higiene, além dos setores de eletro, têxtil, telefonia, pet, autos, casa e decoração, reunidos sob um único espaço que conta ainda com drogaria, alameda de serviços e praça de alimentação. Para quem opta por ir de carro, um amplo estacionamento com posto de combustíveis integrado completa a estrutura.",(16) 3977-3401,https://www.carrefour.com.br/localizador-de-lojas,06:00-21:00,06:00-21:00,06:00-21:00,06:00-21:00,06:00-21:00,06:00-21:00,06:00-21:00,Hipermercado,23/06/2021 08:36
17297,206,Carrefour Hipermercado Iguatemi,ECP - Hiper - Iguatemi,Avenida Projetada,S/N,,Vila Brandina,13094-693,Campinas,SP,"-22,8914353","-47,0232567","A comodidade de resolver tudo em um só lugar, de fácil acesso e com os melhores preços. O Carrefour Hiper é um complexo multisserviços, onde você encontra mercado, açougue, padaria, confeitaria, peixaria, corredor de saudáveis e produtos de higiene, além dos setores de eletro, têxtil, telefonia, pet, autos, casa e decoração, reunidos sob um único espaço que conta ainda com drogaria, alameda de serviços e praça de alimentação. Para quem opta por ir de carro, um amplo estacionamento com posto de combustíveis integrado completa a estrutura.",(19) 3254-7544,https://www.carrefour.com.br/localizador-de-lojas,05:00-21:00,05:00-21:00,05:00-21:00,05:00-21:00,05:00-21:00,05:00-21:00,05:00-21:00,Hipermercado,15/05/2021 12:15
17299,394,Carrefour Hipermercado Praiamar Shopping,Hiper - BSP - Praiamar Shopping,Rua Alexandre Martins,80,,Aparecida,11025-200,Santos,SP,"-23,9784047","-46,30881",,(13) 3279-1101,https://www.carrefour.com.br/localizador-de-lojas,07:00-20:00,07:00-20:00,07:00-20:00,07:00-20:00,07:00-20:00,07:00-20:00,07:00-20:00,Hipermercado,20/04/2021 16:51
17300,393,Carrefour Hipermercado Santo André,BSA - Hiper - Santo André,Avenida Pereira Barreto,2920,,Jardim Paraíso,09190-210,Santo André,SP,"-23,6696912","-46,535755","A comodidade de resolver tudo em um só lugar, de fácil acesso e com os melhores preços. O Carrefour Hiper é um complexo multisserviços, onde você encontra mercado, açougue, padaria, confeitaria, peixaria, corredor de saudáveis e produtos de higiene, além dos setores de eletro, têxtil, telefonia, pet, autos, casa e decoração, reunidos sob um único espaço que conta ainda com drogaria, alameda de serviços e praça de alimentação. Para quem opta por ir de carro, um amplo estacionamento com posto de combustíveis integrado completa a estrutura.",(11) 4993-3239,https://www.carrefour.com.br/localizador-de-lojas,07:00-22:00,07:00-22:00,07:00-22:00,07:00-22:00,07:00-22:00,07:00-22:00,07:00-22:00,Hipermercado,21/05/2021 13:21
17301,116,Carrefour Hipermercado Shopping Interlagos,SPI - Hiper - Shopping Interlagos,Avenida Interlagos,2501,,Jd. Consórcio,04661-902,São Paulo,SP,"-23,6778717","-46,6765462",Devido à pandemia de Coronavírus (COVID-19) essa unidade está atuando com um horário de atendimento exclusivo para idosos (a partir de 60 anos): das 07h às 08h ,(11) 5567-7791,https://www.carrefour.com.br/localizador-de-lojas,08:00-21:00,08:00-21:00,08:00-21:00,08:00-21:00,08:00-21:00,08:00-21:00,08:00-21:00,Hipermercado,16/04/2021 15:49
17302,398,Carrefour Hipermercado Guarulhos,BGU - Hiper - Guarulhos,Avenida Paulo Faccini,240,,Macedo,07111-070,Guarulhos,SP,"-23,4677485","-46,521188","A comodidade de resolver tudo em um só lugar, de fácil acesso e com os melhores preços. O Carrefour Hiper é um complexo multisserviços, onde você encontra mercado, açougue, padaria, confeitaria, peixaria, corredor de saudáveis e produtos de higiene, além dos setores de eletro, têxtil, telefonia, pet, autos, casa e decoração, reunidos sob um único espaço que conta ainda com drogaria, alameda de serviços e praça de alimentação. Para quem opta por ir de carro, um amplo estacionamento com posto de combustíveis integrado completa a estrutura.",(11) 2468-7317,https://www.carrefour.com.br/localizador-de-lojas,08:00-22:00,08:00-22:00,08:00-22:00,08:00-22:00,08:00-22:00,08:00-22:00,08:00-22:00,Hipermercado,16/04/2021 15:10
17304,440,Carrefour Hipermercado Guarujá,GUA - Hiper - Jardim Bel Mar - Guarujá,Avenida Dom Pedro I,2131,,Jardim Bel Mar,11440-002,Guarujá,SP,"-23,9811526","-46,2316342",,(13) 3398-1117,https://www.carrefour.com.br/localizador-de-lojas,07:00-22:00,07:00-23:00,07:00-23:00,07:00-23:00,07:00-23:00,07:00-23:00,07:00-23:00,Hipermercado,26/04/2021 09:01
17305,125,Carrefour Hipermercado Esplanada,Hiper- Parque Bela Vista - Esplanada,Avenida Gisele Constantino,1870,,Pq Bela Vista,18110-650,Votorantim,SP,"-23,543251","-47,4664101",,(15) 3224-5555,https://www.carrefour.com.br/localizador-de-lojas,05:00-20:00,05:00-20:00,05:00-20:00,05:00-20:00,05:00-20:00,05:00-20:00,05:00-20:00,Hipermercado,07/05/2021 09:20
17306,136,Carrefour Hipermercado São José do Rio Preto,SJP - Hiper - São José do Rio Preto,Avenida Marginal Tancredo Neves,900,,Parque Industrial,15076-630,São José do Rio Preto,SP,"-20,832329","-49,355459","A comodidade de resolver tudo em um só lugar, de fácil acesso e com os melhores preços. O Carrefour Hiper é um complexo multisserviços, onde você encontra mercado, açougue, padaria, confeitaria, peixaria, corredor de saudáveis e produtos de higiene, além dos setores de eletro, têxtil, telefonia, pet, autos, casa e decoração, reunidos sob um único espaço que conta ainda com drogaria, alameda de serviços e praça de alimentação. Para quem opta por ir de carro, um amplo estacionamento com posto de combustíveis integrado completa a estrutura.",(17) 3213-9120,https://www.carrefour.com.br/localizador-de-lojas,06:00-21:00,06:00-21:00,06:00-21:00,06:00-21:00,06:00-21:00,06:00-21:00,06:00-21:00,Hipermercado,22/05/2021 20:50
17310,106,Carrefour Hipermercado Tietê,SPT - Hiper - Vila Maria,Avenida Morvan Dias de Figueiredo,3177,,Vila Guilherme,02063-002,São Paulo,SP,"-23,5223062","-46,5993166",Devido à pandemia de Coronavírus (COVID-19) essa unidade está atuando com um horário de atendimento exclusivo para idosos (a partir de 60 anos): das 07h às 08h ,(11) 2634-9960,https://www.carrefour.com.br/localizador-de-lojas,08:00-22:00,07:00-22:00,07:00-22:00,07:00-22:00,07:00-22:00,07:00-22:00,08:00-22:00,Hipermercado,17/04/2021 14:07
17318,154,Carrefour Hipermercado Giovani Gronchi,SPG - Hiper - Giovani Gronchi,Avenida Alberto Augusto Alves,50,,Vila Andrade,05724-030,São Paulo,SP,"-23,6419976","-46,7346558","Devido à pandemia de Coronavírus (COVID-19) essa unidade está atuando com um horário de atendimento exclusivo para idosos (a partir de 60 anos): segunda a sábado das 06:30h às 07:30h, domingos e feriados das 7:00 às 8:00h",(11) 5853-2017,https://www.carrefour.com.br/localizador-de-lojas,08:00-21:00,07:00-23:00,07:00-23:00,07:00-23:00,07:00-23:00,07:00-23:00,07:00-23:00,Hipermercado,16/04/2021 15:00
17320,420,Carrefour Hipermercado Taubaté,Hiper - Barranco - Taubaté,Avenida Charles Schnneider,1750,,Barranco,12040-000,Taubaté,SP,"-23,0247457","-45,5774176","A comodidade de resolver tudo em um só lugar, de fácil acesso e com os melhores preços. O Carrefour Hiper é um complexo multisserviços, onde você encontra mercado, açougue, padaria, confeitaria, peixaria, corredor de saudáveis e produtos de higiene, além dos setores de eletro, têxtil, telefonia, pet, autos, casa e decoração, reunidos sob um único espaço que conta ainda com drogaria, alameda de serviços e praça de alimentação. Para quem opta por ir de carro, um amplo estacionamento com posto de combustíveis integrado completa a estrutura.",(12) 3634-5601,https://www.carrefour.com.br/localizador-de-lojas,07:00-22:00,07:00-22:00,07:00-22:00,07:00-22:00,07:00-22:00,07:00-22:00,07:00-22:00,Hipermercado,02/06/2021 16:39
17321,110,Carrefour Hipermercado Anchieta ,SPA - Hiper - Anchieta,"Rodovia Anchieta, ",3398,,Jardim Maria Estela,04246-900,São Paulo,SP,"-23,6310064","-46,5989804",Devido à pandemia de Coronavírus (COVID-19) essa unidade está atuando com um horário de atendimento exclusivo para idosos (a partir de 60 anos): das 07h às 08h ,(11) 2969-2973,https://www.carrefour.com.br/localizador-de-lojas,08:00-22:00,08:00-22:00,08:00-22:00,08:00-22:00,08:00-22:00,08:00-22:00,08:00-22:00,Hipermercado,17/04/2021 14:30
17324,129,Carrefour Hipermercado São José dos Campos,SJC - Hiper - São José dos Campos,Avenida Deputado Benedito Matarazzo,5701,,Jardim Serimbura,12246-840,São José dos Campos,SP,"-23,2229963","-45,905952","A comodidade de resolver tudo em um só lugar, de fácil acesso e com os melhores preços. O Carrefour Hiper é um complexo multisserviços, onde você encontra mercado, açougue, padaria, confeitaria, peixaria, corredor de saudáveis e produtos de higiene, além dos setores de eletro, têxtil, telefonia, pet, autos, casa e decoração, reunidos sob um único espaço que conta ainda com drogaria, alameda de serviços e praça de alimentação. Para quem opta por ir de carro, um amplo estacionamento com posto de combustíveis integrado completa a estrutura.",(12) 3946-6046,https://www.carrefour.com.br/localizador-de-lojas,07:00-22:00,07:00-22:00,07:00-22:00,07:00-22:00,07:00-22:00,07:00-22:00,07:00-22:00,Hipermercado,07/06/2021 14:10
17326,142,Carrefour Hipermercado Senador Vergueiro,SBC - Hiper - Senador Vergueiro,Avenida Senador Vergueiro,2000,,Jardim Três Marias,09750-000,São Bernardo do Campo,SP,"-23,6763737","-46,5547079","A comodidade de resolver tudo em um só lugar, de fácil acesso e com os melhores preços. O Carrefour Hiper é um complexo multisserviços, onde você encontra mercado, açougue, padaria, confeitaria, peixaria, corredor de saudáveis e produtos de higiene, além dos setores de eletro, têxtil, telefonia, pet, autos, casa e decoração, reunidos sob um único espaço que conta ainda com drogaria, alameda de serviços e praça de alimentação. Para quem opta por ir de carro, um amplo estacionamento com posto de combustíveis integrado completa a estrutura.",(11) 4122-8039,https://www.carrefour.com.br/localizador-de-lojas,05:00-21:00,07:00-21:00,05:00-21:00,05:00-21:00,05:00-21:00,05:00-21:00,05:00-21:00,Hipermercado,02/06/2021 16:38
17328,112,Carrefour Hipermercado Raposo Tavares,SPO - Hiper - Raposo Tavares,"Rodovia Raposo Tavares,", s/n,KM 17,Jardim Cambara,05577-901,São Paulo,SP,"-23,5855381","-46,7793843",Devido à pandemia de Coronavírus (COVID-19) essa unidade está atuando com um horário de atendimento exclusivo para idosos (a partir de 60 anos): das 07h às 08h ,(11) 3789-9800,https://www.carrefour.com.br/localizador-de-lojas,08:00-22:00,08:00-22:00,08:00-22:00,08:00-22:00,08:00-22:00,08:00-22:00,08:00-22:00,Hipermercado,17/04/2021 14:35
17332,143,Carrefour Hipermercado Osasco,OSC - Hiper - Osasco,Avenida dos Autonomistas,1542,,Vila Yara,06020-015,Osasco,SP,"-23,5378451","-46,7688734",Devido à pandemia de Coronavírus (COVID-19) essa unidade está atuando com um horário de atendimento exclusivo para idosos (a partir de 60 anos): das 07h às 08h ,(11) 3688-6335,https://www.carrefour.com.br/localizador-de-lojas,08:00-22:00,08:00-22:00,08:00-22:00,08:00-22:00,08:00-22:00,08:00-22:00,08:00-22:00,Hipermercado,17/04/2021 14:33
17334,204,Carrefour Hipermercado Center Norte,ECN - Hiper - Center Norte,Avenida Moisés Roysen,s/nº,,Vila Guilherme,02049-010,São Paulo,SP,"-23,5143607","-46,620832",Devido à pandemia de Coronavírus (COVID-19) essa unidade está atuando com um horário de atendimento exclusivo para idosos (a partir de 60 anos): das 07h às 08h ,(11) 3779-8400,https://www.carrefour.com.br/localizador-de-lojas,08:00-21:00,08:00-21:00,08:00-21:00,08:00-21:00,08:00-21:00,08:00-21:00,08:00-21:00,Hipermercado,16/04/2021 14:52
17337,202,Carrefour Hipermercado Pamplona,EPL - Hiper - Pamplona,Rua Pamplona,1704,,Jardim Paulista,01405-002,São Paulo,SP,"-23,5826689","-46,6740055",Devido à pandemia de Coronavírus (COVID-19) essa unidade está atuando com um horário de atendimento exclusivo para idosos (a partir de 60 anos): das 06:30h às 07:30h ,(11) 3883-0077,https://www.carrefour.com.br/localizador-de-lojas,07:00-21:00,07:00-22:00,07:00-22:00,07:00-22:00,07:00-22:00,07:00-22:00,07:00-22:00,Hipermercado,17/04/2021 14:04
17340,201,Carrefour Hipermercado Santos,EST - Hiper - Boqueirão - Santos,Avenida Conselheiro Nébias,802,,Boqueirão,11015-002,Santos,SP,"-23,9693987","-46,3249192",,(13) 3288-2216,https://www.carrefour.com.br/localizador-de-lojas,05:00-20:00,05:00-20:00,05:00-20:00,05:00-20:00,05:00-20:00,05:00-20:00,05:00-20:00,Hipermercado,16/04/2021 15:38
17344,460,Carrefour Hipermercado Penha,SPH - Hiper - Penha,Avenida Amador Bueno da Veiga,2521,,Penha de França,03653-000,São Paulo,SP,"-23,5224114","-46,5211942",Devido à pandemia de Coronavírus (COVID-19) essa unidade está atuando com um horário de atendimento exclusivo para idosos (a partir de 60 anos): das 07h às 08h ,(11) 2023-8811,https://www.carrefour.com.br/localizador-de-lojas,08:00-22:00,08:00-22:00,08:00-22:00,08:00-22:00,08:00-22:00,08:00-22:00,08:00-22:00,Hipermercado,16/04/2021 15:19
17348,120,Carrefour Hipermercado São Vicente,SAV - Hiper - São Vicente,Av Prefeito José Monteiro,1045,,Jd. Independência,11380-900,Santos,SP,"-23,9670409","-46,3687671","A comodidade de resolver tudo em um só lugar, de fácil acesso e com os melhores preços. O Carrefour Hiper é um complexo multisserviços, onde você encontra mercado, açougue, padaria, confeitaria, peixaria, corredor de saudáveis e produtos de higiene, além dos setores de eletro, têxtil, telefonia, pet, autos, casa e decoração, reunidos sob um único espaço que conta ainda com drogaria, alameda de serviços e praça de alimentação. Para quem opta por ir de carro, um amplo estacionamento com posto de combustíveis integrado completa a estrutura.",(13) 3569-7905,https://www.carrefour.com.br/localizador-de-lojas,05:00-20:00,05:00-20:00,05:00-20:00,05:00-20:00,05:00-20:00,05:00-20:00,05:00-20:00,Hipermercado,17/04/2021 14:22
17352,124,Carrefour Hipermercado Santo André,STA - Hiper - Santo André,Avenida Pedro Américo,23,,Vila Humaita,09110-560,Santo André,SP,"-23,6625053","-46,5107818","A comodidade de resolver tudo em um só lugar, de fácil acesso e com os melhores preços. O Carrefour Hiper é um complexo multisserviços, onde você encontra mercado, açougue, padaria, confeitaria, peixaria, corredor de saudáveis e produtos de higiene, além dos setores de eletro, têxtil, telefonia, pet, autos, casa e decoração, reunidos sob um único espaço que conta ainda com drogaria, alameda de serviços e praça de alimentação. Para quem opta por ir de carro, um amplo estacionamento com posto de combustíveis integrado completa a estrutura.",(11) 4979-8889,https://www.carrefour.com.br/localizador-de-lojas,05:00-21:00,05:00-21:00,05:00-21:00,05:00-21:00,05:00-21:00,05:00-21:00,05:00-21:00,Hipermercado,30/04/2021 09:00
17354,164,Carrefour Hipermercado Nova Piracicaba,PIR - Hiper - Nova Piracicaba,Avenida Ruy Teixeira Mendes,300,,Terras de Piracicaba,13403-130,Piracicaba,SP,"-22,7248169","-47,6744652","A comodidade de resolver tudo em um só lugar, de fácil acesso e com os melhores preços. O Carrefour Hiper é um complexo multisserviços, onde você encontra mercado, açougue, padaria, confeitaria, peixaria, corredor de saudáveis e produtos de higiene, além dos setores de eletro, têxtil, telefonia, pet, autos, casa e decoração, reunidos sob um único espaço que conta ainda com drogaria, alameda de serviços e praça de alimentação. Para quem opta por ir de carro, um amplo estacionamento com posto de combustíveis integrado completa a estrutura.",(19) 3403-2500,https://www.carrefour.com.br/localizador-de-lojas,05:00-21:00,05:00-21:00,05:00-21:00,05:00-21:00,05:00-21:00,05:00-21:00,05:00-21:00,Hipermercado,23/06/2021 08:33
17356,427,Carrefour Hipermercado São Bernardo do Campo Pauliceia,SBP - Hiper - São Bernardo do Campo Pauliceia,Avenida do Taboão,2000,,Taboão,09655-000,São Bernardo do Campo,SP,"-23,6553053","-46,5953038","A comodidade de resolver tudo em um só lugar, de fácil acesso e com os melhores preços. O Carrefour Hiper é um complexo multisserviços, onde você encontra mercado, açougue, padaria, confeitaria, peixaria, corredor de saudáveis e produtos de higiene, além dos setores de eletro, têxtil, telefonia, pet, autos, casa e decoração, reunidos sob um único espaço que conta ainda com drogaria, alameda de serviços e praça de alimentação. Para quem opta por ir de carro, um amplo estacionamento com posto de combustíveis integrado completa a estrutura.",(11) 4176-9938,https://www.carrefour.com.br/localizador-de-lojas,05:00-21:00,05:00-21:00,05:00-21:00,05:00-21:00,05:00-21:00,05:00-21:00,05:00-21:00,Hipermercado,02/06/2021 16:36
17358,442,Carrefour Hipermercado Brooklin,SBK - Hiper - Brooklin,Av. Santo Amaro,4815,,Brooklin,04701-000,São Paulo,SP,"-23,6259595","-46,6865002","Devido à pandemia de Coronavírus (COVID-19) essa unidade está atuando com um horário de atendimento exclusivo para idosos (a partir de 60 anos): segunda a sábado das 06:30h às 07:30h, domingos e feriados das 7:00 às 8:00h",(11) 5090-0323,https://www.carrefour.com.br/localizador-de-lojas,08:00-21:00,07:00-22:00,07:00-22:00,07:00-22:00,07:00-22:00,07:00-22:00,07:00-22:00,Hipermercado,09/06/2021 10:25
17359,422,Carrefour Hipermercado Demarchi,SBD - Hiper - Demarchi,"Avenida Maria Servidei Demarchi, ",398,,Demarchi,09820-000,São Bernardo do Campo,SP,"-23,7270734","-46,5525271","A comodidade de resolver tudo em um só lugar, de fácil acesso e com os melhores preços. O Carrefour Hiper é um complexo multisserviços, onde você encontra mercado, açougue, padaria, confeitaria, peixaria, corredor de saudáveis e produtos de higiene, além dos setores de eletro, têxtil, telefonia, pet, autos, casa e decoração, reunidos sob um único espaço que conta ainda com drogaria, alameda de serviços e praça de alimentação. Para quem opta por ir de carro, um amplo estacionamento com posto de combustíveis integrado completa a estrutura.",(11) 4353-9617,https://www.carrefour.com.br/localizador-de-lojas,05:00-21:00,05:00-21:00,05:00-21:00,05:00-21:00,05:00-21:00,05:00-21:00,05:00-21:00,Hipermercado,02/06/2021 16:35
17360,203,Carrefour Hipermercado Shopping Eldorado,ERE - Hiper - Shopping Eldorado,Avenida Rebouças,3970,,Pinheiros,05402-600,São Paulo,SP,"-23,5724616","-46,6957069",Devido à pandemia de Coronavírus (COVID-19) essa unidade está atuando com um horário de atendimento exclusivo para idosos (a partir de 60 anos): das 07h às 08h ,(11) 3093-0048,https://www.carrefour.com.br/localizador-de-lojas,08:00-20:00,08:00-20:00,08:00-20:00,08:00-20:00,08:00-20:00,08:00-20:00,08:00-20:00,Hipermercado,17/04/2021 14:03
17361,180,Carrefour Hipermercado Diadema,DMA - Hiper - Diadema,Avenida Presidente Kennedy,635,,Jardim Remanso,09910-550,Diadema,SP,"-23,6850327","-46,6322261","A comodidade de resolver tudo em um só lugar, de fácil acesso e com os melhores preços. O Carrefour Hiper é um complexo multisserviços, onde você encontra mercado, açougue, padaria, confeitaria, peixaria, corredor de saudáveis e produtos de higiene, além dos setores de eletro, têxtil, telefonia, pet, autos, casa e decoração, reunidos sob um único espaço que conta ainda com drogaria, alameda de serviços e praça de alimentação. Para quem opta por ir de carro, um amplo estacionamento com posto de combustíveis integrado completa a estrutura.",(11) 4053-9069,https://www.carrefour.com.br/localizador-de-lojas,08:00-22:00,07:00-22:00,07:00-22:00,07:00-22:00,07:00-22:00,07:00-22:00,07:00-22:00,Hipermercado,19/04/2021 15:56
17363,338,Carrefour Hipermercado Cambuci,SPC - Hiper - Cambuci,Praça Alberto Lion,100,,Cambuci,01515-000,São Paulo,SP,"-23,5633278","-46,6140806",Devido à pandemia de Coronavírus (COVID-19) essa unidade está atuando com um horário de atendimento exclusivo para idosos (a partir de 60 anos): das 07h às 08h ,(11) 3088-0032,https://www.carrefour.com.br/localizador-de-lojas,08:00-20:00,08:00-22:00,08:00-22:00,08:00-22:00,08:00-22:00,08:00-22:00,08:00-22:00,Hipermercado,16/04/2021 14:49
17367,339,Carrefour Hipermercado Villa-Lobos,SPV - Hiper - Villa Lobos,Avenida José César de Oliveira,s/n,,Vila Leopoldina,05317-000,São Paulo,SP,"-23,541171","-46,7310774","Devido à pandemia de Coronavírus (COVID-19) essa unidade está atuando com um horário de atendimento exclusivo para idosos (a partir de 60 anos): segunda a sábado das 06:30h às 07:30h, domingos e feriados das 7:00 às 8:00h",(11) 3837-8722,https://www.carrefour.com.br/localizador-de-lojas,08:00-21:00,08:00-22:00,08:00-22:00,08:00-22:00,08:00-22:00,08:00-22:00,07:00-22:00,Hipermercado,17/04/2021 14:05
17369,322,Carrefour Hipermercado Sorocaba Norte,SON - Hiper - Sorocaba Norte,Avenida Brasil,376,,Terra Vermelha,18065-100,Sorocaba,SP,"-23,4863386","-47,4715664","A comodidade de resolver tudo em um só lugar, de fácil acesso e com os melhores preços. O Carrefour Hiper é um complexo multisserviços, onde você encontra mercado, açougue, padaria, confeitaria, peixaria, corredor de saudáveis e produtos de higiene, além dos setores de eletro, têxtil, telefonia, pet, autos, casa e decoração, reunidos sob um único espaço que conta ainda com drogaria, alameda de serviços e praça de alimentação. Para quem opta por ir de carro, um amplo estacionamento com posto de combustíveis integrado completa a estrutura.",(15) 3332-9675,https://www.carrefour.com.br/localizador-de-lojas,08:00-22:00,08:00-22:00,08:00-22:00,08:00-22:00,08:00-22:00,08:00-22:00,08:00-22:00,Hipermercado,17/04/2021 14:17
17370,145,Carrefour Hipermercado Guarulhos,GRU - Hiper - Guarulhos,Avenida Benjamin Harris Hunicutt,s/n,,Vila Rio de Janeiro,07124-010,Guarulhos,SP,"-23,4422888","-46,5388446","A comodidade de resolver tudo em um só lugar, de fácil acesso e com os melhores preços. O Carrefour Hiper é um complexo multisserviços, onde você encontra mercado, açougue, padaria, confeitaria, peixaria, corredor de saudáveis e produtos de higiene, além dos setores de eletro, têxtil, telefonia, pet, autos, casa e decoração, reunidos sob um único espaço que conta ainda com drogaria, alameda de serviços e praça de alimentação. Para quem opta por ir de carro, um amplo estacionamento com posto de combustíveis integrado completa a estrutura.",(11) 2453-8200,https://www.carrefour.com.br/localizador-de-lojas,08:00-22:00,08:00-22:00,08:00-22:00,08:00-22:00,08:00-22:00,08:00-22:00,08:00-22:00,Hipermercado,16/04/2021 15:11
17375,103,Carrefour Hipermercado Marginal Pinheiros,SPP - Hiper - Pinheiros,AV NACOES UNIDAS,15187,,Chácara Santo Antônio,04794-000,São Paulo,SP,"-23,6298795","-46,7108395","Devido à pandemia de Coronavírus (COVID-19) essa unidade está atuando com um horário de atendimento exclusivo para idosos (a partir de 60 anos): segunda a sábado das 06:30h às 07:30h, domingos e feriados das 7:00 às 8:00h",(11) 5186-8606,https://www.carrefour.com.br/localizador-de-lojas,08:00-21:00,06:30-23:00,06:30-23:00,06:30-23:00,06:30-23:00,06:30-23:00,06:30-23:00,Hipermercado,16/04/2021 15:21
17379,207,Carrefour Hipermercado Prudente,EPP - Hiper - Prudente,Avenida Manoel Goulart,2400,,Jardim das Rosas,19060-000,Presidente Prudente,SP,"-22,1157017","-51,4082562","A comodidade de resolver tudo em um só lugar, de fácil acesso e com os melhores preços. O Carrefour Hiper é um complexo multisserviços, onde você encontra mercado, açougue, padaria, confeitaria, peixaria, corredor de saudáveis e produtos de higiene, além dos setores de eletro, têxtil, telefonia, pet, autos, casa e decoração, reunidos sob um único espaço que conta ainda com drogaria, alameda de serviços e praça de alimentação. Para quem opta por ir de carro, um amplo estacionamento com posto de combustíveis integrado completa a estrutura.",(18) 3902-2800,https://www.carrefour.com.br/localizador-de-lojas,05:00-22:00,05:00-22:00,05:00-22:00,05:00-22:00,05:00-22:00,05:00-22:00,05:00-22:00,Hipermercado,23/06/2021 08:35
17383,149,Carrefour Hipermercado Limão,SPL - Hiper - Limão,Avenida Otaviano Alves de Lima,1824,,Limão,02701-000,São Paulo,SP,"-23,5124643","-46,6750616",Devido à pandemia de Coronavírus (COVID-19) essa unidade está atuando com um horário de atendimento exclusivo para idosos (a partir de 60 anos): das 07h às 08h ,(11) 3952-8514,https://www.carrefour.com.br/localizador-de-lojas,08:00-22:00,08:00-22:00,08:00-22:00,08:00-22:00,08:00-22:00,08:00-22:00,08:00-22:00,Hipermercado,17/04/2021 14:34
17384,459,Carrefour Hipermercado Jabaquara,SJA - Hiper - Metrocar,Avenida Engenheiro George Corbisier,273,,Jabaquara,04345-000,São Paulo,SP,"-23,6393149","-46,6417202",Devido à pandemia de Coronavírus (COVID-19) essa unidade está atuando com um horário de atendimento exclusivo para idosos (a partir de 60 anos): das 07h às 08h ,(11) 5013-5007,https://www.carrefour.com.br/localizador-de-lojas,08:00-21:00,08:00-22:00,08:00-22:00,08:00-22:00,08:00-22:00,08:00-22:00,08:00-22:00,Hipermercado,16/04/2021 15:13
17386,158,Carrefour Hipermercado Pêssego,SPE - Hiper - Pêssego,Estrada do Pêssego,1200,,Colônia,08260-000,São Paulo,SP,"-23,5694712","-46,4453029",Devido à pandemia de Coronavírus (COVID-19) essa unidade está atuando com um horário de atendimento exclusivo para idosos (a partir de 60 anos): das 07h às 08h ,(11) 2523-6803,https://www.carrefour.com.br/localizador-de-lojas,08:00-22:00,08:00-22:00,08:00-22:00,08:00-22:00,08:00-22:00,08:00-22:00,08:00-22:00,Hipermercado,16/04/2021 15:20
17387,335,Carrefour Hipermercado Santo André Oratório,STO - Hiper - Santo André Oratório,Rua Oratório,85,,Jd. Do Carmo,09280-550,Santo André,SP,"-23,6462496","-46,5267953","A comodidade de resolver tudo em um só lugar, de fácil acesso e com os melhores preços. O Carrefour Hiper é um complexo multisserviços, onde você encontra mercado, açougue, padaria, confeitaria, peixaria, corredor de saudáveis e produtos de higiene, além dos setores de eletro, têxtil, telefonia, pet, autos, casa e decoração, reunidos sob um único espaço que conta ainda com drogaria, alameda de serviços e praça de alimentação. Para quem opta por ir de carro, um amplo estacionamento com posto de combustíveis integrado completa a estrutura.",(11) 4996-9679,https://www.carrefour.com.br/localizador-de-lojas,05:00-21:00,05:00-21:00,05:00-21:00,05:00-21:00,05:00-21:00,05:00-21:00,05:00-21:00,Hipermercado,30/04/2021 08:59
17389,146,Carrefour Hipermercado Anália Franco,TTE - Hiper - Anália Franco,Avenida Regente Feijó,1759,,Vila Regente Feijo,03550-100,São Paulo,SP,"-23,559666","-46,561038",Devido à pandemia de Coronavírus (COVID-19) essa unidade está atuando com um horário de atendimento exclusivo para idosos (a partir de 60 anos): das 07h às 08h ,(11) 2672-8519,https://www.carrefour.com.br/localizador-de-lojas,08:00-20:00,08:00-20:00,08:00-20:00,08:00-20:00,08:00-20:00,08:00-20:00,08:00-20:00,Hipermercado,08/04/2021 08:02
42889,,Carrefour Hipermercado,SPP  Hiper  Pinheiros,Avenida das Nações Unidas,15187,,Brooklin,04726-180,São Paulo,SP,"-23,6299444","-46,7107519","A comodidade de resolver tudo em um só lugar, de fácil acesso e com os melhores preços. O Carrefour Hiper é um complexo multisserviços, onde você encontra mercado, açougue, padaria, confeitaria, peixaria, corredor de saudáveis e produtos de higiene, além dos setores de eletro, têxtil, telefonia, pet, autos, casa e decoração, reunidos sob um único espaço que conta ainda com drogaria, alameda de serviços e praça de alimentação. Para quem opta por ir de carro, um amplo estacionamento com posto de combustíveis integrado completa a estrutura.",(11) 3004-2222,https://www.carrefour.com.br/,08:00-22:00,07:00-23:00,07:00-23:00,07:00-23:00,07:00-23:00,07:00-23:00,08:00-22:00,Supermercado,08/04/2021 08:02
